County,Population,Population Change Since 2014,Median Age,Population Under Age 18,Population Aged 65+,Veteran Population,Agricultural Land,Percent Change in Ag Land since 2017,Number of Farms,Percent Change in Num of Farms since 2017,Broadband Internet Access 2022 ,Broadband Internet Access 2019 ,Computing Device Access 2022 ,Computing Device Access 2019 ,Percent Children in Poverty,Average Weekly Wage,Per Capita Income 2022,Gross Domestic Product 2022,Gross Domestic Product 2021,Pre-K Enrollment 2023,Pre-K Enrollment 2022,K-12 Current Expense Funding per pupil,Total Funding for K-12,Opportunity Youth 2022,Opportunity Youth 2019,Adults Without a High School Diploma,Educational Attainment,Food Insecurity 2022,Food Insecurity 2021,Traditional Medicaid Enrollment %,Medicaid Expansion Enrollment %,Uninsured Residents 2021,Uninsured Residents 2020,"ER visits for Drug Overdose Per 100,000","Overdose Deaths Per 100,000",Property Tax Rates 2024,Property Tax Rates 2023,Property Tax Levy Per Capita,Taxable Property Valuation Per Capita,Sales Taxes
Alamance,184114,28556,40.22,0.2051,0.1908,0.0514,68769,-0.1408,724,0.0056,0.86,0.78,0.82,0.79,0.15,978,48980,6675,6675,0.4744,0.464,1971,48.83,0.1249,0.1011,0.1107,0.4768,0.143,0.114,0.312,0.0728,0.14,0.145,168,34.2,0.469,0.432,601.4,139210,0.0675
Alexander,36464,-359,44.23,0.1844,0.2163,0.0535,50799,-0.0618,535,-0.0165,0.84,0.74,0.77,0.74,0.209,841,48035,884,844,0.3487,0.3383,1734,7.38,0.167,0.1631,0.1145,0.3691,0.149,0.116,0.294,0.0834,0.129,0.125,163,29.3,0.65,0.67,745,111194,0.07
Alleghany,11464,540,45.93,0.1675,0.2668,0.0725,63298,-0.1033,435,-0.029,0.79,0.76,0.72,0.72,0.253,779,44464,303,303,1.127,0.9863,2171,2.86,0.1432,0.1597,0.2228,0.3773,0.18,0.158,0.3109,0.0921,0.184,0.17,135,44.9,0.597,0.597,1093,183090,0.07
Anson,22059,-3079,40.29,0.2108,0.1949,0.0633,84695,-0.0074,421,0.0218,0.83,0.75,0.71,0.69,0.326,857,50187,837,762,0.6095,1.0131,N/A, N/A ,0.1033,0.1552,0.1399,0.2314,0.161,0.125,0.4601,0.1418,0.13,0.128,160,28.6,0.777,0.777,784,100898,0.07
Ashe,27196,514,48.34,0.167,0.271,0.0553,84498,-0.2304,760,-0.1204,0.79,0.7,0.79,0.74,0.206,859,44433,778,763,0.7879,1.2952,2390,6.3,0.0554,0.0561,0.0904,0.4385,0.162,0.131,0.2791,0.0797,0.137,0.138,96,25.7,0.44,0.44,977.2,222082,0.07
Avery,17395,-357,46.13,0.1526,0.2364,0.0513,22598,-0.212,335,-0.0456,0.81,0.71,0.78,0.73,0.205,808,45653,630,632,0.7561,0.8537,2889,5.4,0.0551,0.0587,0.1234,0.3872,0.153,0.131,0.2515,0.0666,0.155,0.163,103,28.5,0.4,0.4,1411.9,352969,0.0675
Beaufort,43593,-2822,46.1,0.1912,0.269,0.0736,139853,0.0027,259,-0.1645,0.81,0.69,0.78,0.74,0.282,906,54554,1862,1876,0.5159,0.4664,2590,15.58,0.1857,0.1354,0.1211,0.4051,0.157,0.132,0.3677,0.1136,0.138,0.137,81,51.1,0.625,0.625,921.1,147379,0.0675
Bertie,16739,-3011,40.6,0.1945,0.21,0.0648,161862,0.0928,288,-0.1084,0.64,0.58,0.69,0.63,0.349,812,49409,641,629,0.7935,0.8911,1852,3.03,0.1854,0.1846,0.1683,0.3683,0.16,0.141,0.436,0.115,0.117,0.114,69,31.7,0.93,0.865,765.4,88483,0.07
Bladen,28850,-4001,38.26,0.223,0.1952,0.0728,146195,-0.1893,423,-0.1738,0.8,0.7,0.7,0.7,0.275,884,48424,1414,1416,0.9734,0.8716,1739,8.02,0.2067,0.2241,0.0879,0.3607,0.175,0.147,0.463,0.1192,0.145,0.155,208,58.1,0.785,0.785,963.3,122716,0.0675
Brunswick,166886,51407,53.5,0.1394,0.3252,0.087,45150,0.0102,238,0.0303,0.93,0.85,0.9,0.87,0.165,951,58281,5647,5377,0.5195,0.4935,3694,54.43,0.1241,0.1515,0.0811,0.4827,0.135,0.112,0.2242,0.0814,0.122,0.117,77,45.5,0.342,0.342,1075.5,314470,0.0675
Buncombe,279331,26947,44.04,0.1688,0.2266,0.063,78245,0.0825,1074,0.0009,0.86,0.82,0.83,0.82,0.154,1076,61560,15337,14892,0.4622,0.4104,3908,113.27,0.1137,0.1154,0.0717,0.6035,0.145,0.119,0.2393,0.0746,0.126,0.145,199,57.8,0.5176,0.498,924.9,185727,0.07
Burke,89581,2034,43.44,0.1904,0.2234,0.0583,44077,0.1407,473,-0.0689,0.8,0.72,0.76,0.71,0.185,886,44631,2616,2598,0.7598,0.6393,1568,18.5,0.182,0.2216,0.1418,0.4074,0.172,0.15,0.3343,0.1099,0.146,0.151,272,44.2,0.56,0.56,657.4,117389,0.0675
Cabarrus,248866,55137,39.6,0.218,0.1477,0.045,64227,0.0088,630,0.0016,0.91,0.89,0.88,0.88,0.099,1008,54754,8667,8457,0.4731,0.3784,2307,97.5,0.1383,0.1286,0.0718,0.5884,0.115,0.089,0.2459,0.0647,0.108,0.116,155,34.2,0.576,0.74,982.5,132766,0.07
Caldwell,81884,608,43.88,0.1863,0.2125,0.0574,35964,-0.0534,430,0.0462,0.83,0.78,0.74,0.75,0.239,939,44761,2388,2394,0.6156,0.5918,1402,14.8,0.167,0.1618,0.1273,0.3836,0.16,0.135,0.3607,0.1016,0.138,0.143,257,43.8,0.63,0.63,677.2,107493,0.0675
Camden,11291,1264,42.67,0.1818,0.1875,0.108,54621,-0.078,76,-0.0617,0.93,0.86,0.89,0.87,0.092,929,56906,172,174,2.16,1.7419,1562,3,0.0987,0.1279,0.0509,0.5552,0.12,0.094,0.1739,0.045,0.123,0.135,92,36.8,0.73,0.73,1125.6,154194,0.0675
Carteret,70822,2709,48.88,0.1548,0.2758,0.1136,60950,-0.0289,94,-0.4051,0.91,0.85,0.86,0.85,0.17,846,63531,2555,2559,0.9703,1.0927,3399,27.42,0.1181,0.1273,0.0608,0.5459,0.146,0.117,0.2337,0.0812,0.127,0.117,181,56.1,0.34,0.34,851,250288,0.0675
Caswell,21960,-1225,45.12,0.1656,0.2412,0.0565,84373,-0.1955,412,-0.1643,0.77,0.65,0.78,0.67,0.24,870,41155,331,346,0.7532,0.8824,1331,2.78,0.1719,0.1813,0.156,0.3291,0.149,0.128,0.3339,0.0922,0.136,0.138,80,31,0.585,0.735,597.3,81260,0.0675
Catawba,168239,12196,42.81,0.1996,0.2032,0.0551,61631,-0.0299,608,-0.047,0.86,0.81,0.8,0.78,0.164,1046,55223,9242,9060,0.5508,0.4639,2015,44.04,0.1535,0.1334,0.0911,0.4718,0.148,0.12,0.2864,0.0819,0.135,0.135,201,40.7,0.3985,0.3985,730.8,183383,0.07
Chatham,82500,15220,50.69,0.1601,0.2965,0.0536,114051,0.076,1076,-0.0358,0.85,0.78,0.86,0.84,0.11,958,79769,1887,1824,0.6772,1.072,3376,34.39,0.119,0.096,0.1488,0.6131,0.126,0.097,0.1697,0.0483,0.126,0.122,67,33.6,0.725,0.685,1282.5,187224,0.07
Cherokee,29361,2151,52.24,0.1569,0.3237,0.098,25410,-0.0315,246,-0.1119,0.79,0.74,0.8,0.77,0.245,832,40021,822,796,0.6337,0.538,2434,7.26,0.0532,0.0724,0.0764,0.478,0.173,0.147,0.3455,0.1233,0.156,0.148,87,48.9,0.61,0.61,868.1,142317,0.07
Chowan,13896,-493,42.99,0.1985,0.2506,0.059,73439,0.372,134,0.3814,0.81,0.69,0.7,0.71,0.253,904,51005,589,577,1.2027,1.0588,N/A, N/A ,0.098,0.1228,0.1177,0.3582,0.167,0.141,0.3467,0.0925,0.126,0.109,79,43,0.695,0.665,935.5,140674,0.0675
Clay,11924,1272,51.54,0.1591,0.3253,0.0789,14515,0.1589,178,0.0854,0.79,0.77,0.76,0.74,0.231,883,43753,216,213,1.4848,0.9492,1529,1.87,0.0535,0.0701,0.1025,0.5441,0.163,0.143,0.2906,0.0896,0.175,0.16,116,17.8,0.43,0.43,789.3,183550,0.07
Cleveland,101172,4098,41.23,0.2079,0.2004,0.062,104633,-0.0768,872,-0.1323,0.77,0.66,0.74,0.7,0.246,979,45126,4463,4212,0.6638,0.7431,681,10.25,0.1598,0.1511,0.1285,0.4212,0.164,0.139,0.4011,0.104,0.134,0.135,246,36.8,0.6875,0.6875,767.2,111586,0.0675
Columbus,49935,-5390,42.25,0.2079,0.2091,0.0637,125177,-0.1127,447,-0.1304,0.77,0.67,0.65,0.66,0.292,876,44109,1449,1505,0.8315,0.8366,1364,10.94,0.2066,0.2196,0.1398,0.3002,0.17,0.145,0.4629,0.127,0.149,0.159,133,41.4,0.805,0.805,711,88317,0.0675
Craven,105175,1956,37.2,0.2434,0.1931,0.1272,100825,0.2392,292,0.1918,0.82,0.81,0.81,0.81,0.191,1021,54327,4984,5083,0.3486,0.4308,2046,25.15,0.1181,0.1195,0.0805,0.4593,0.147,0.12,0.2841,0.0936,0.113,0.13,201,88.1,0.4448,0.4448,599.9,134865,0.0675
Cumberland,343636,13614,33.34,0.2601,0.1491,0.1512,65919,-0.0012,327,-0.0268,0.89,0.84,0.82,0.82,0.212,1021,46024,17938,18159,0.4112,0.4826,1769,87.53,0.1272,0.1314,0.0577,0.468,0.163,0.141,0.3959,0.1059,0.112,0.119,190,55.4,0.799,0.799,592.8,74192,0.07
Currituck,33670,9007,43.82,0.1918,0.1787,0.0859,37917,-0.1543,87,-0.0225,0.89,0.83,0.89,0.86,0.117,841,59381,824,832,0.4894,0.4592,2881,13.04,0.0984,0.1241,0.0585,0.4991,0.121,0.089,0.1656,0.0369,0.124,0.12,72,28.8,0.62,0.56,1503.2,268431,0.0675
Dare,37786,2847,46.98,0.1673,0.2546,0.0848,115,-0.9785,18,-0.4375,0.93,0.91,0.9,0.9,0.108,862,76100,2593,2542,1.5632,0.8072,5723,28.31,0.1854,0.1302,0.0598,0.562,0.123,0.1,0.2014,0.0582,0.123,0.136,46,54,0.4005,0.4005,1856.7,463592,0.0675
Davidson,178071,14790,42.13,0.2,0.1959,0.055,73655,-0.2025,847,-0.1555,0.85,0.79,0.81,0.79,0.161,992,48523,5014,4953,0.3488,0.3434,1495,34.57,0.167,0.1553,0.1155,0.4173,0.153,0.127,0.2994,0.0842,0.135,0.145,239,60.3,0.54,0.54,572.3,105979,0.07
Davie,44800,3788,45.09,0.1825,0.2298,0.0598,74899,-0.0264,594,0.0051,0.91,0.84,0.87,0.83,0.151,958,60579,1417,1419,0.9461,0.9397,2261,13.54,0.1429,0.1498,0.1089,0.4522,0.148,0.119,0.2427,0.0679,0.123,0.134,203,46.7,0.773,0.773,999.3,129271,0.0675
Duplin,49683,-5278,35.84,0.2598,0.1549,0.0574,254164,0.0455,949,0.1573,0.76,0.65,0.68,0.67,0.296,883,52760,2127,2186,0.9312,0.641,1057,10,0.1815,0.1323,0.211,0.3728,0.165,0.13,0.4524,0.1009,0.196,0.212,77,25.5,0.735,0.735,754.1,102603,0.07
Durham,340727,46239,35.43,0.2231,0.1403,0.044,16166,-0.131,212,-0.1203,0.92,0.87,0.89,0.86,0.17,1767,59070,39751,38590,0.2978,0.318,4903,187.95,0.097,0.0777,0.0866,0.7212,0.122,0.096,0.2563,0.0606,0.125,0.135,188,41.1,0.7987,0.7522,1147.1,152505,0.075
Edgecombe,47637,-6177,44.45,0.2283,0.2415,0.0568,145050,-0.026,243,-0.0241,0.76,0.64,0.7,0.64,0.318,888,43507,1624,1589,0.5282,0.5961,2093,12.76,0.1835,0.1696,0.1186,0.3473,0.164,0.143,0.5593,0.1819,0.112,0.114,134,50.5,0.89,0.95,701.9,73889,0.07
Forsyth,396317,32110,38.08,0.2138,0.1761,0.0469,32956,-0.053,482,-0.1346,0.87,0.81,0.83,0.81,0.216,1225,57781,26512,25844,0.3279,0.3023,2999,163.4,0.1237,0.1181,0.1062,0.5537,0.145,0.116,0.3083,0.0837,0.129,0.122,192,48.7,0.6778,0.6778,784.1,115683,0.07
Franklin,80236,18271,42.23,0.2033,0.1936,0.0517,107923,-0.0004,518,-0.0372,0.87,0.79,0.8,0.78,0.157,1027,46330,1784,1755,0.4461,0.4574,2324,25.33,0.1427,0.1765,0.1295,0.4699,0.126,0.103,0.27,0.0648,0.131,0.146,103,43.1,0.505,0.785,781.4,99536,0.0675
Gaston,243242,31688,40.89,0.2099,0.1742,0.0553,36859,-0.0222,412,-0.2107,0.86,0.8,0.8,0.77,0.168,995,49674,8021,7897,0.6864,0.6667,1551,53,0.146,0.1403,0.0793,0.4962,0.144,0.123,0.3236,0.087,0.124,0.129,290,67.7,0.599,0.61,840.1,137718,0.07
Gates,10534,-816,42.82,0.1771,0.2278,0.0741,71866,0.2394,122,-0.1348,0.74,0.73,0.81,0.76,0.195,836,49850,184,201,1.0909,1.4138,2103,2.95,0.098,0.1255,0.0618,0.2777,0.143,0.116,0.2682,0.06,0.111,0.107,35,34.6,0.84,0.84,815.7,97111,0.0675
Graham,7718,-780,43.97,0.2113,0.2586,0.0507,2256,-0.7949,70,-0.4309,0.73,0.57,0.63,0.6,0.227,882,41336,229,232,0.4783,0.8444,1265,1.36,0.1274,0.1543,0.1402,0.3371,0.168,0.15,0.4371,0.1486,0.198,0.183,119,23.7,0.59,0.59,1287.5,218224,0.07
Granville,62881,5175,43.94,0.1809,0.1967,0.0483,102115,-0.1819,483,-0.1329,0.87,0.8,0.84,0.8,0.153,1075,46906,3309,3214,0.5813,0.7699,2272,19,0.1718,0.1827,0.144,0.4448,0.132,0.102,0.2756,0.0567,0.121,0.131,124,39.7,0.631,0.84,731.4,87069,0.0675
Greene,19939,-895,42.54,0.1965,0.1962,0.0461,97668,0.1722,210,0.0145,0.79,0.73,0.72,0.73,0.352,850,38963,420,457,0.6887,0.6419,1084,2.89,0.1678,0.205,0.2324,0.3045,0.17,0.136,0.3344,0.0944,0.205,0.206,138,23.7,0.786,0.786,542.6,69031,0.07
Guilford,553023,40463,38.24,0.2014,0.1737,0.0478,94798,0.2416,775,-0.0925,0.87,0.76,0.85,0.81,0.212,1137,55008,34425,34071,0.7137,0.6969,3432,260.23,0.0951,0.0979,0.0924,0.5766,0.137,0.11,0.3231,0.0875,0.118,0.119,191,42.4,0.7305,0.7305,952.9,130449,0.0675
Halifax,46342,-5576,45.3,0.2083,0.2427,0.0618,183565,-0.122,220,-0.3452,0.67,0.58,0.66,0.65,0.28,843,44768,1403,1429,0.5285,0.5902,898,5.69,0.2499,0.2543,0.1241,0.339,0.176,0.16,0.4697,0.1253,0.128,0.14,102,40,0.7,0.76,701.5,92297,0.07
Harnett,145438,20909,35.57,0.2531,0.1428,0.085,109179,0.0275,563,-0.1244,0.81,0.79,0.82,0.82,0.166,858,44192,2716,2723,0.4564,0.3767,1401,28.12,0.1273,0.1441,0.0925,0.4634,0.149,0.122,0.3003,0.0757,0.126,0.125,188,44.9,0.591,0.591,647.8,109614,0.07
Haywood,64109,4818,48.58,0.1699,0.2723,0.0777,49288,-0.0566,567,0.0481,0.8,0.72,0.76,0.75,0.185,900,50894,1957,1920,0.53,0.484,2456,17.4,0.1278,0.1347,0.0963,0.5021,0.153,0.129,0.2939,0.0785,0.134,0.128,108,56.2,0.55,0.55,880.7,160120,0.07
Henderson,121587,11790,49.12,0.1696,0.2912,0.0667,32743,-0.2033,520,0.1429,0.88,0.82,0.85,0.81,0.162,1009,55243,4386,4230,0.2767,0.4895,2476,33.13,0.1105,0.0997,0.0931,0.4753,0.146,0.112,0.2185,0.0627,0.137,0.15,125,36.6,0.431,0.431,878.9,203912,0.0675
Hertford,19564,-4159,40.22,0.1961,0.2185,0.0618,67209,-0.1693,97,-0.2302,0.76,0.65,0.7,0.68,0.351,914,41529,825,834,0.8944,1.0946,1867,4.25,0.2499,0.2664,0.1007,0.3509,0.156,0.132,0.4369,0.1313,0.119,0.124,42,29.6,0.84,0.84,775.3,92300,0.07
Hoke,56269,6308,32.94,0.2983,0.116,0.1165,36788,-0.3143,185,-0.0212,0.87,0.8,0.81,0.8,0.202,845,41181,1163,1110,0.8415,0.6499,N/A, N/A ,0.1623,0.1701,0.098,0.4375,0.157,0.133,0.3691,0.0981,0.139,0.154,112,41.6,0.73,0.73,636.2,87151,0.0675
Hyde,4490,-929,46.39,0.1661,0.247,0.049,112445,-0.0995,123,-0.1087,0.71,0.56,0.63,0.59,0.283,781,48593,178,182,0.6875,0.9545,3821,1.71,0.1866,0.1471,0.2406,0.3475,0.216,0.149,0.3157,0.0902,0.195,0.175,41,20.3,0.92,1.045,2248.7,215188,0.0675
Iredell,207682,39622,42.26,0.1943,0.1782,0.046,119481,-0.104,894,-0.1526,0.92,0.83,0.87,0.85,0.121,1198,64437,10582,10429,0.5132,0.3842,2314,72.02,0.1216,0.1264,0.0879,0.5446,0.128,0.102,0.2399,0.06,0.117,0.126,146,26.4,0.5,0.5,1007.2,201437,0.0675
Jackson,43308,2495,38.86,0.1583,0.2182,0.0653,22208,0.4119,236,0.0977,0.76,0.71,0.77,0.76,0.186,896,44870,1629,1629,0.3769,0.2366,2549,9.42,0.0533,0.0892,0.1486,0.4307,0.17,0.141,0.2615,0.0886,0.18,0.202,102,52.3,0.38,0.38,1078.7,283873,0.07
Johnston,249714,68170,39.55,0.2201,0.1468,0.0523,174111,-0.05,964,-0.0931,0.83,0.78,0.85,0.84,0.136,1007,49672,7726,7502,0.3227,0.2965,2211,88.5,0.1385,0.1294,0.0921,0.5184,0.127,0.105,0.2761,0.0581,0.129,0.126,115,33,0.67,0.69,787.3,114102,0.0675
Jones,9098,-817,42.39,0.1932,0.2435,0.0935,66287,0.0097,126,-0.2881,0.74,0.59,0.72,0.67,0.274,888,48585,220,224,1.24,1.1639,1730,1.7,0.2002,0.1672,0.1261,0.3692,0.16,0.149,0.3727,0.0953,0.168,0.17,276,63.7,0.74,0.74,943.3,127469,0.07
Lee,67613,8126,39.26,0.225,0.1859,0.066,31204,-0.1128,264,0.056,0.75,0.74,0.8,0.79,0.238,1003,49622,2816,2784,0.7116,0.6927,1952,20.13,0.1191,0.0976,0.1398,0.4308,0.163,0.131,0.3161,0.0829,0.16,0.156,236,61.5,0.65,0.65,926.2,142493,0.07
Lenoir,53509,-4197,41.88,0.2154,0.2234,0.0787,136277,0.1985,352,-0.0881,0.78,0.75,0.72,0.73,0.317,929,51039,2867,2794,0.3995,0.3767,1198,9.9,0.2002,0.1693,0.1523,0.3501,0.181,0.161,0.4575,0.1196,0.14,0.135,154,39.3,0.845,0.845,730.7,86476,0.0675
Lincoln,98348,19118,44.82,0.1883,0.1968,0.0543,49038,-0.0932,552,-0.101,0.89,0.83,0.83,0.82,0.113,1018,58227,3167,3068,0.781,0.727,1920,26.82,0.1529,0.1612,0.0929,0.4875,0.136,0.112,0.2358,0.0659,0.122,0.125,223,38.3,0.499,0.499,992.9,198980,0.07
Macon,38539,3958,49.65,0.1713,0.3061,0.0737,21973,0.1112,346,0.0176,0.79,0.75,0.75,0.77,0.186,879,48309,1555,1557,0.5926,0.6378,N/A, N/A ,0.0532,0.0747,0.1158,0.4193,0.167,0.144,0.2848,0.0886,0.165,0.159,67,53,0.27,0.27,918,339994,0.0675
Madison,21453,317,46.3,0.1671,0.2542,0.0625,42763,-0.2466,535,-0.1628,0.79,0.73,0.77,0.74,0.212,821,44497,1616,1569,0.5476,0.5161,1448,3.08,0.1279,0.1371,0.0799,0.5181,0.158,0.133,0.312,0.0987,0.118,0.126,41,59.8,0.36,0.5,687,137397,0.07
Martin,20952,-2355,47.08,0.199,0.2707,0.07,143806,0.02,286,-0.1386,0.78,0.68,0.74,0.72,0.293,726,42553,428,417,0.8073,0.5906,2104,6.15,0.1857,0.1668,0.1269,0.4274,0.17,0.139,0.4031,0.1141,0.135,0.123,472,49,0.81,0.81,824.3,101770,0.07
McDowell,44601,63,44.57,0.1859,0.2257,0.0659,17041,-0.259,298,-0.1051,0.8,0.73,0.76,0.74,0.222,864,43983,630,653,0.8519,0.966,1773,9.61,0.182,0.1814,0.1244,0.4079,0.168,0.137,0.35,0.1071,0.145,0.132,129,45.9,0.5675,0.5675,818,144136,0.0675
Mecklenburg,1190000,178869,37.82,0.2209,0.1332,0.0437,7704,-0.3401,165,-0.2361,0.92,0.88,0.89,0.88,0.141,1630,76441,129565,127497,0.2792,0.2967,3652,596.92,0.1006,0.1001,0.0888,0.6739,0.118,0.091,0.2764,0.0718,0.127,0.122,160,28.5,0.4831,0.4731,1165.7,246397,0.0725
Mitchell,14751,-399,44.05,0.1793,0.2466,0.0611,13860,-0.0636,263,0.052,0.79,0.72,0.74,0.71,0.217,917,43990,496,536,0,0.5313,1280,2.17,0.0552,0.0552,0.0487,0.4073,0.167,0.138,0.3065,0.0857,0.137,0.13,94,33.4,0.56,0.56,944.3,168628,0.0675
Montgomery,25516,-1117,40.97,0.2082,0.2277,0.0613,34560,0.031,210,-0.125,0.76,0.69,0.71,0.68,0.24,914,46774,1093,1051,1.205,1.0484,1730,6,0.1181,0.1803,0.1227,0.3767,0.16,0.126,0.3874,0.108,0.169,0.163,217,62.6,0.615,0.615,920.5,149667,0.07
Moore,111001,19381,47.28,0.199,0.2809,0.0925,106258,0.1889,802,0.0941,0.88,0.82,0.87,0.82,0.13,999,62886,4014,3867,0.1551,0.1439,2420,34.85,0.118,0.1482,0.0633,0.6431,0.131,0.104,0.2037,0.0648,0.117,0.121,158,49.6,0.31,0.33,669,202739,0.07
Nash,97793,3999,42.8,0.2024,0.2125,0.056,133252,0.0291,375,-0.1176,0.82,0.77,0.76,0.75,0.214,989,50715,5119,5135,0.661,0.7039,1426,21.38,0.1836,0.1607,0.1131,0.4367,0.142,0.116,0.3516,0.0988,0.139,0.133,163,43.5,0.63,0.67,628.8,93844,0.0675
New Hanover,242708,29145,39.8,0.172,0.1908,0.0648,1898,1.1593,60,0.0169,0.91,0.85,0.9,0.88,0.155,1132,60943,15237,14803,0.6775,0.6562,3567,95.98,0.0919,0.1081,0.0583,0.6511,0.141,0.117,0.212,0.0734,0.111,0.126,79,39.7,0.45,0.45,952.3,211622,0.07
Northampton,15867,-4193,38.62,0.1929,0.2007,0.0807,171478,0.0077,257,-0.0551,0.63,0.53,0.66,0.61,0.293,913,47614,506,529,0.8556,0.8678,1598,3.78,0.2497,0.2642,0.1001,0.395,0.147,0.127,0.4321,0.1046,0.117,0.115,62,10.3,0.83,0.835,1418.9,169929,0.0675
Onslow,214782,22409,25.44,0.3169,0.1048,0.1553,53032,0.0107,342,0.0059,0.91,0.87,0.89,0.87,0.162,857,51585,9039,9099,0.3191,0.3453,N/A, N/A ,0.1427,0.1064,0.0498,0.4597,0.157,0.134,0.2597,0.076,0.107,0.112,139,46.5,0.655,0.655,650,99240,0.07
Orange,151635,11045,38.07,0.156,0.1771,0.0386,53068,-0.2409,687,0.0015,0.92,0.88,0.92,0.91,0.114,1442,77568,9679,9308,0.7203,0.8892,5344,102.94,0.0467,0.0425,0.0521,0.8079,0.123,0.095,0.1515,0.0387,0.1,0.087,74,24.2,0.8629,0.8353,1271.9,152267,0.075
Pamlico,12139,-568,50.4,0.1441,0.313,0.1129,54675,0.2638,81,-0.19,0.83,0.74,0.77,0.77,0.274,683,52301,288,297,1.2432,1.234,2787,4.51,0.1853,0.1365,0.0666,0.3178,0.151,0.123,0.2746,0.0831,0.148,0.144,244,102.2,0.645,0.625,1038.5,166160,0.0675
Pasquotank,40933,1398,37.8,0.2181,0.1752,0.093,95870,0.3283,133,0.0556,0.87,0.79,0.82,0.78,0.228,920,47234,1609,1589,0.9056,0.7004,2150,11.36,0.0982,0.1247,0.0746,0.4671,0.133,0.109,0.3289,0.0899,0.112,0.132,201,35.2,0.62,0.62,680.5,109760,0.07
Pender,69485,14550,42.27,0.1956,0.1973,0.076,78903,0.2236,354,0.0536,0.86,0.79,0.84,0.83,0.139,869,49887,1777,1749,1.2092,0.9012,2321,25.04,0.1072,0.1215,0.0908,0.5122,0.138,0.111,0.2751,0.0632,0.133,0.124,70,36.5,0.7375,0.7375,1048.6,142179,0.0675
Perquimans,13209,-151,47.16,0.1748,0.2905,0.0991,78264,-0.0256,137,-0.0805,0.81,0.73,0.8,0.76,0.23,820,53355,284,286,0.973,0.75,2061,3.39,0.0985,0.1243,0.0903,0.3814,0.155,0.123,0.3121,0.0823,0.125,0.119,89,66.8,0.52,0.64,936.1,146262,0.0675
Person,39272,615,43.09,0.1998,0.2198,0.0554,88571,0.0776,364,-0.0738,0.85,0.79,0.78,0.79,0.203,926,45304,1537,1473,0.6411,0.5826,2247,11.95,0.1718,0.1778,0.0828,0.4209,0.157,0.134,0.3248,0.0851,0.122,0.122,175,25.3,0.7225,0.7225,1001,138546,0.0675
Pitt,177440,8033,32.83,0.2169,0.1505,0.0624,151433,-0.1876,367,-0.2322,0.86,0.81,0.83,0.81,0.229,1086,53495,9399,9243,0.51,0.5033,2015,48.79,0.0814,0.0895,0.0808,0.5974,0.156,0.131,0.3426,0.0929,0.126,0.123,98,50.3,0.5663,0.6841,645,94279,0.07
Polk,19660,-183,51.32,0.1481,0.3116,0.0727,24076,-0.1727,274,-0.0249,0.81,0.77,0.81,0.79,0.195,832,61494,533,509,1.3284,1.0341,3035,6.16,0.1666,0.1366,0.0803,0.5187,0.154,0.122,0.2536,0.0855,0.131,0.141,111,57.9,0.5343,0.5343,1011.6,189331,0.0675
Randolph,146358,4050,41.22,0.2059,0.1956,0.0576,131301,-0.1115,1238,-0.095,0.86,0.76,0.79,0.76,0.176,898,46748,4188,4172,0.4613,0.4282,1415,30.38,0.1614,0.1305,0.1426,0.3604,0.161,0.135,0.3302,0.1007,0.161,0.151,246,79.4,0.5,0.5,591.1,118220,0.07
Richmond,42299,-2369,41.43,0.2247,0.1962,0.0626,57946,-0.0207,261,0.1013,0.8,0.73,0.71,0.69,0.306,844,46009,2003,1797,0.6708,0.5908,1356,8.69,0.1625,0.1712,0.1492,0.3655,0.182,0.166,0.5296,0.1401,0.131,0.149,500,82.5,0.75,0.83,727.5,87652,0.0675
Robeson,118737,-8645,37.37,0.2266,0.1769,0.0628,263080,-0.0025,732,0.0139,0.7,0.59,0.65,0.6,0.35,852,41071,3846,3830,0.5161,0.669,638,13.36,0.2066,0.2196,0.2051,0.3228,0.204,0.18,0.5909,0.1742,0.169,0.197,286,87.3,0.75,0.77,542.6,70470,0.07
Rockingham,91571,-379,44.29,0.1876,0.2232,0.0516,109295,-0.1229,769,-0.0889,0.77,0.7,0.72,0.71,0.229,854,45332,2796,2764,0.4398,0.4055,1338,15.83,0.1629,0.1888,0.143,0.3838,0.17,0.14,0.3403,0.095,0.142,0.133,235,74.7,0.5801,0.695,655.5,94314,0.07
Rowan,153047,12761,41.01,0.2106,0.1982,0.0577,104888,-0.118,801,-0.1341,0.87,0.81,0.8,0.79,0.231,1058,46990,5810,5680,0.3403,0.3665,2236,41.11,0.1237,0.1277,0.1314,0.4104,0.156,0.132,0.3285,0.0783,0.145,0.129,253,75.3,0.58,0.58,761.8,131350,0.07
Rutherford,65035,-677,43.43,0.1951,0.2217,0.0685,63632,0.0619,614,-0.0097,0.81,0.7,0.75,0.73,0.214,872,42525,1835,1800,0.6335,0.6009,N/A, N/A ,0.1665,0.1374,0.1199,0.3684,0.184,0.16,0.371,0.1049,0.14,0.136,278,68.6,0.454,0.454,768.6,169290,0.07
Sampson,59770,-2325,39.75,0.239,0.196,0.055,292205,-0.03,882,-0.0813,0.78,0.64,0.71,0.66,0.257,908,46849,1802,1894,0.697,0.6488,1317,14.03,0.1816,0.1358,0.1782,0.3695,0.165,0.125,0.4268,0.1102,0.177,0.179,148,25.2,0.625,0.825,733,88844,0.07
Scotland,33130,-2309,40.6,0.228,0.2082,0.0648,51025,-0.0698,121,0.1204,0.79,0.61,0.68,0.62,0.343,911,41064,1185,1156,1.0561,0.9677,1905,10,0.1623,0.1699,0.1641,0.315,0.194,0.179,0.5031,0.1518,0.133,0.143,322,57.4,0.99,0.99,762,76971,0.0675
Stanly,64286,3971,42.46,0.1999,0.2099,0.0507,109164,0.1387,649,-0.0342,0.86,0.81,0.8,0.78,0.19,853,48212,1870,1812,0.7347,0.7143,1593,15,0.1271,0.1211,0.1367,0.4111,0.153,0.125,0.3017,0.0846,0.136,0.128,194,35,0.61,0.61,674.6,110593,0.07
Stokes,46036,302,45.91,0.1743,0.2296,0.0581,81361,-0.1242,726,-0.1519,0.81,0.7,0.79,0.76,0.154,741,46391,1208,1112,0.6791,1.0296,2711,14.87,0.163,0.1749,0.0883,0.3896,0.157,0.138,0.2857,0.0823,0.128,0.137,173,52.6,0.71,0.66,720.9,109233,0.0675
Surry,71249,-1196,42.24,0.2024,0.2066,0.0459,105791,-0.3061,933,-0.1231,0.78,0.66,0.75,0.72,0.227,906,48778,2527,2546,0.6555,0.6247,N/A, N/A ,0.1434,0.162,0.1447,0.4238,0.179,0.145,0.3387,0.095,0.151,0.147,162,46,0.552,0.552,590.4,106959,0.07
Swain,13857,-789,39.92,0.2309,0.2021,0.0666,3930,-0.6121,70,-0.2929,0.74,0.6,0.68,0.63,0.207,898,51517,701,695,1.2211,0.8382,419,0.83,0.1277,0.2028,0.1235,0.3646,0.182,0.151,0.4693,0.1555,0.204,0.242,189,98.1,0.41,0.36,535.5,148737,0.07
Transylvania,33230,680,51.09,0.1545,0.333,0.0828,11537,-0.2143,142,-0.3395,0.86,0.81,0.8,0.8,0.209,902,55406,1796,1712,0.8611,0.9136,3679,13.35,0.1106,0.0993,0.0661,0.4593,0.15,0.12,0.2468,0.0825,0.137,0.155,151,20.4,0.6033,0.6033,1324.6,219554,0.0675
Tyrrell,3324,-663,44.79,0.1965,0.2386,0.0725,63761,0.2043,73,0.0735,0.75,0.63,0.69,0.64,0.281,826,45079,103,115,1.3846,0.5455,1340,0.6,0.1852,0.1586,0.3529,0.2593,0.158,0.137,0.3523,0.0857,0.174,0.186,75,49.8,0.95,0.95,1280.3,134765,0.0675
Union,263285,48061,39.83,0.2058,0.1497,0.0402,212066,0.1363,882,-0.0784,0.93,0.91,0.89,0.89,0.087,1129,67641,8592,8307,0.4667,0.4732,2694,122.69,0.0938,0.0782,0.0916,0.5784,0.105,0.076,0.2056,0.0454,0.103,0.108,114,20.8,0.588,0.588,916.5,155875,0.0675
Vance,40712,-3009,38.41,0.2299,0.1969,0.058,38231,-0.4221,170,-0.2857,0.8,0.7,0.75,0.71,0.315,872,43356,1265,1264,0.6593,0.5881,1307,9.47,0.1428,0.1977,0.1792,0.337,0.162,0.143,0.563,0.1187,0.143,0.144,180,47.2,0.7129,0.89,657.5,73876,0.0675
Wake,1210000,217857,39.33,0.2059,0.1401,0.0454,62323,-0.1907,664,-0.0391,0.94,0.91,0.92,0.92,0.083,1424,76357,94676,91399,0.3985,0.3718,3659,644.26,0.0811,0.0694,0.0573,0.7489,0.111,0.085,0.1888,0.0438,0.092,0.095,104,21.7,0.5135,0.657,1146.3,174469,0.0725
Warren,18803,-1293,44.12,0.1747,0.2507,0.0588,63669,0.0476,237,-0.1124,0.74,0.59,0.68,0.66,0.273,748,37601,317,320,0.4958,0.9091,3233,5.56,0.25,0.205,0.1266,0.3378,0.173,0.138,0.3644,0.0905,0.162,0.174,76,30.4,0.81,0.81,1240.1,153100,0.0675
Washington,10304,-1817,46.78,0.2145,0.2826,0.0773,76554,-0.0392,110,-0.2199,0.66,0.63,0.63,0.6,0.353,902,45405,277,290,0.9839,0.72,1687,1.66,0.186,0.1715,0.0602,0.3075,0.177,0.166,0.4409,0.1448,0.121,0.129,43,17.3,0.85,0.85,843.9,99282,0.07
Watauga,57751,5946,30.07,0.1144,0.1807,0.0481,29402,-0.4074,400,-0.2308,0.89,0.83,0.88,0.87,0.128,880,48445,2369,2309,1.25,0.7571,3187,15.28,0.0553,0.0566,0.0694,0.6687,0.153,0.126,0.1294,0.0385,0.126,0.133,77,24.9,0.318,0.318,800.7,251800,0.0675
Wayne,117140,-4968,37.76,0.2449,0.1779,0.0909,149752,-0.0943,415,-0.2468,0.87,0.8,0.78,0.77,0.264,906,49370,4951,4947,0.6136,0.594,1250,22.86,0.1272,0.1349,0.1398,0.4368,0.16,0.13,0.3931,0.0928,0.148,0.149,114,22.7,0.7675,0.7425,603.7,81312,0.0675
Wilkes,66315,-1397,43.97,0.1936,0.2274,0.0529,114778,0.0756,871,-0.0655,0.84,0.75,0.77,0.75,0.284,876,47495,2460,2437,0.8124,0.9089,1814,14.91,0.1434,0.1553,0.1452,0.3931,0.175,0.149,0.3371,0.1015,0.155,0.147,190,35.1,0.66,0.66,634.4,96118,0.07
Wilson,78355,-894,39.44,0.2215,0.1887,0.0621,126286,0.0272,207,-0.25,0.8,0.75,0.7,0.74,0.306,1019,48774,3740,3780,0.2709,0.2664,2040,24.54,0.1677,0.2109,0.134,0.3954,0.165,0.137,0.4109,0.1105,0.16,0.151,188,36.7,0.595,0.73,761.4,104299,0.0675
Yadkin,37511,40,43.22,0.1938,0.2134,0.0563,98329,0.1235,754,-0.0782,0.81,0.72,0.76,0.72,0.176,855,47455,938,940,1.157,0.7449,1652,8.2,0.1429,0.1459,0.0743,0.3899,0.156,0.131,0.3048,0.0772,0.146,0.154,186,50.4,0.65,0.65,703.1,108171,0.0675
Yancey,18606,850,45.79,0.1777,0.2573,0.0499,21341,-0.3076,288,-0.2195,0.79,0.7,0.76,0.73,0.214,844,42006,401,414,0.3333,0.449,N/A, N/A ,0.0555,0.0554,0.0703,0.4374,0.167,0.136,0.3089,0.0941,0.143,0.147,94,22.1,0.52,0.6,813.5,135589,0.0675